phase,index,time,top_fraction,bottom_fraction,active_cells,degrees_of_freedom,l2_error,h1_seminorm,elapsed_seconds
initial_adaptation,1,0.00000000,0.60000000,0.40000000,64,81,3.818135708570e-02,1.640912771225e+00,0.007692
initial_adaptation,2,0.00000000,0.60000000,0.40000000,85,108,1.054682210088e-02,9.025971889496e-01,0.020340
initial_adaptation,3,0.00000000,0.60000000,0.40000000,94,120,4.538051784039e-03,7.266422510147e-01,0.027258
initial_adaptation,4,0.00000000,0.60000000,0.40000000,133,169,2.251094439998e-03,5.101238489151e-01,0.030551
initial_adaptation,5,0.00000000,0.60000000,0.40000000,202,252,1.045351149514e-03,3.188680112362e-01,0.044271
initial_adapted_mesh,5,0.00000000,0.60000000,0.40000000,13198,13684,8.912001248973e-06,2.691695280373e-02,0.340228
time_step,1,0.01000000,0.60000000,0.40000000,1213,1349,1.136270537972e-02,1.980257034302e-01,73.848415
time_step,2,0.02000000,0.60000000,0.40000000,1255,1388,7.464679423720e-03,1.203982457519e-01,78.651914
time_step,3,0.03000000,0.60000000,0.40000000,1048,1171,6.191319320351e-03,1.181719228625e-01,83.171292
time_step,4,0.04000000,0.60000000,0.40000000,1165,1291,6.088234484196e-03,1.153691187501e-01,87.997979
time_step,5,0.05000000,0.60000000,0.40000000,1339,1479,4.985969979316e-03,1.002434045076e-01,92.941195
time_step,6,0.06000000,0.60000000,0.40000000,1147,1279,4.817417822778e-03,1.073318570852e-01,97.454457
time_step,7,0.07000000,0.60000000,0.40000000,1081,1206,5.167455412447e-03,1.107004582882e-01,98.667412
time_step,8,0.08000000,0.60000000,0.40000000,1072,1189,5.389682948589e-03,1.110758334398e-01,104.043945
time_step,9,0.09000000,0.60000000,0.40000000,1129,1251,5.125946365297e-03,1.076625585556e-01,108.907164
time_step,10,0.10000000,0.60000000,0.40000000,1054,1178,5.366543307900e-03,1.128911674023e-01,112.682214
time_step,11,0.11000000,0.60000000,0.40000000,1096,1213,5.404586438090e-03,1.096700429916e-01,117.702347
time_step,12,0.12000000,0.60000000,0.40000000,1195,1327,5.158375948668e-03,1.059548556805e-01,121.319529
time_step,13,0.13000000,0.60000000,0.40000000,1210,1345,5.449536256492e-03,1.089180558920e-01,126.005573
time_step,14,0.14000000,0.60000000,0.40000000,1057,1186,5.868401844054e-03,1.235695034266e-01,130.250329
time_step,15,0.15000000,0.60000000,0.40000000,1012,1136,4.333283752203e-03,1.144649088383e-01,134.934340
time_step,16,0.16000000,0.60000000,0.40000000,1120,1241,3.934402018785e-03,1.064410805702e-01,139.628259
time_step,17,0.17000000,0.60000000,0.40000000,1078,1195,4.250737372786e-03,1.098930388689e-01,142.856233
time_step,18,0.18000000,0.60000000,0.40000000,1069,1197,4.509783349931e-03,1.122877299786e-01,147.511006
time_step,19,0.19000000,0.60000000,0.40000000,1063,1192,4.242922179401e-03,1.101073995233e-01,148.438150
time_step,20,0.20000000,0.60000000,0.40000000,1381,1524,3.731561126187e-03,9.792190045118e-02,153.022130
time_step,21,0.21000000,0.60000000,0.40000000,1117,1241,3.803474130109e-03,1.076736524701e-01,157.583454
time_step,22,0.22000000,0.60000000,0.40000000,1021,1145,4.437284544110e-03,1.150566264987e-01,162.526163
time_step,23,0.23000000,0.60000000,0.40000000,1207,1343,6.022545509040e-03,1.155703514814e-01,166.384430
time_step,24,0.24000000,0.60000000,0.40000000,1147,1274,4.430877510458e-03,1.070531085134e-01,171.614024
time_step,25,0.25000000,0.60000000,0.40000000,988,1101,4.248043522239e-03,1.142659485340e-01,173.627259
time_step,26,0.26000000,0.60000000,0.40000000,1120,1240,3.935079090297e-03,1.063060909510e-01,178.395172
time_step,27,0.27000000,0.60000000,0.40000000,1168,1298,3.901321208104e-03,1.041193976998e-01,183.228607
time_step,28,0.28000000,0.60000000,0.40000000,1003,1125,3.745011519641e-03,1.126878857613e-01,187.736778
time_step,29,0.29000000,0.60000000,0.40000000,1114,1238,3.342453390360e-03,1.068760976195e-01,192.214179
time_step,30,0.30000000,0.60000000,0.40000000,1306,1443,3.112138947472e-03,9.789830446243e-02,196.872046
time_step,31,0.31000000,0.60000000,0.40000000,1060,1186,3.040278097615e-03,1.089546531439e-01,202.137917
time_step,32,0.32000000,0.60000000,0.40000000,1054,1176,2.480192808434e-03,1.081501618028e-01,204.523672
time_step,33,0.33000000,0.60000000,0.40000000,1060,1177,2.676131203771e-03,1.089665442705e-01,209.495365
time_step,34,0.34000000,0.60000000,0.40000000,1120,1241,2.674138406292e-03,1.058849245310e-01,214.105907
time_step,35,0.35000000,0.60000000,0.40000000,1006,1129,2.764481352642e-03,1.128363162279e-01,218.616852
time_step,36,0.36000000,0.60000000,0.40000000,1051,1173,2.472334308550e-03,1.085883155465e-01,220.698998
time_step,37,0.37000000,0.60000000,0.40000000,1108,1235,2.074688440189e-03,1.044119596481e-01,225.662081
time_step,38,0.38000000,0.60000000,0.40000000,1105,1232,2.078723628074e-03,1.046761274338e-01,230.523297
time_step,39,0.39000000,0.60000000,0.40000000,1024,1148,2.184447832406e-03,1.101652756333e-01,235.388888
time_step,40,0.40000000,0.60000000,0.40000000,1003,1126,2.076469361782e-03,1.115715280175e-01,240.401501
time_step,41,0.41000000,0.60000000,0.40000000,1117,1238,2.137385308743e-03,1.045605614781e-01,243.714663
time_step,42,0.42000000,0.60000000,0.40000000,1066,1184,2.480476163328e-03,1.077668815851e-01,248.189126
time_step,43,0.43000000,0.60000000,0.40000000,1057,1183,2.795693231747e-03,1.088066771626e-01,251.672255
time_step,44,0.44000000,0.60000000,0.40000000,1144,1276,3.067112294957e-03,1.048594713211e-01,258.623163
time_step,45,0.45000000,0.60000000,0.40000000,1348,1488,3.008626168594e-03,9.550984948874e-02,263.125539
time_step,46,0.46000000,0.60000000,0.40000000,1111,1235,3.115224186331e-03,1.064890027046e-01,267.964662
time_step,47,0.47000000,0.60000000,0.40000000,1003,1126,2.946936525404e-03,1.114042177796e-01,273.977331
time_step,48,0.48000000,0.60000000,0.40000000,1135,1261,2.724686637521e-03,1.036931946874e-01,277.773390
time_step,49,0.49000000,0.60000000,0.40000000,1072,1193,2.739755436778e-03,1.072440668941e-01,288.994209
time_step,50,0.50000000,0.60000000,0.40000000,982,1093,2.834031125531e-03,1.121927723289e-01,303.317156
time_step,51,0.51000000,0.60000000,0.40000000,1072,1193,2.902630018070e-03,1.076227650046e-01,308.975736
time_step,52,0.52000000,0.60000000,0.40000000,1120,1242,2.770775230601e-03,1.038350164890e-01,314.520997
time_step,53,0.53000000,0.60000000,0.40000000,1000,1123,2.783028641716e-03,1.115432679653e-01,320.059669
time_step,54,0.54000000,0.60000000,0.40000000,1108,1231,3.006440820172e-03,1.065390482545e-01,324.847115
time_step,55,0.55000000,0.60000000,0.40000000,1303,1439,2.702243160456e-03,9.737003594637e-02,329.993592
time_step,56,0.56000000,0.60000000,0.40000000,1048,1172,2.607274334878e-03,1.084957942367e-01,334.843958
time_step,57,0.57000000,0.60000000,0.40000000,1045,1167,2.705075079575e-03,1.087187603116e-01,339.243471
time_step,58,0.58000000,0.60000000,0.40000000,1057,1175,2.717081224546e-03,1.082259565592e-01,343.977406
time_step,59,0.59000000,0.60000000,0.40000000,1084,1208,2.749694744125e-03,1.077817603946e-01,347.223931
time_step,60,0.60000000,0.60000000,0.40000000,1000,1122,2.497777575627e-03,1.120055764914e-01,353.032232
time_step,61,0.61000000,0.60000000,0.40000000,1039,1161,2.505452139303e-03,1.093296632171e-01,358.233764
time_step,62,0.62000000,0.60000000,0.40000000,1117,1245,2.557265106589e-03,1.048690825701e-01,363.197561
time_step,63,0.63000000,0.60000000,0.40000000,1117,1243,2.570013981313e-03,1.049019917846e-01,368.192862
time_step,64,0.64000000,0.60000000,0.40000000,1036,1157,2.310266252607e-03,1.092005819082e-01,372.995858
time_step,65,0.65000000,0.60000000,0.40000000,1000,1122,2.236034255475e-03,1.114573702216e-01,377.523364
time_step,66,0.66000000,0.60000000,0.40000000,1069,1192,2.447766950354e-03,1.074817329645e-01,382.022836
time_step,67,0.67000000,0.60000000,0.40000000,1051,1169,2.866941271350e-03,1.084599420428e-01,384.531706
time_step,68,0.68000000,0.60000000,0.40000000,1024,1146,3.087976947427e-03,1.098943129182e-01,389.170207
time_step,69,0.69000000,0.60000000,0.40000000,1039,1159,2.913846634328e-03,1.079836338758e-01,393.663745
time_step,70,0.70000000,0.60000000,0.40000000,1333,1469,2.648642053828e-03,9.454023838043e-02,398.058252
time_step,71,0.71000000,0.60000000,0.40000000,1096,1217,2.790031954646e-03,1.057403087616e-01,403.395550
time_step,72,0.72000000,0.60000000,0.40000000,988,1109,2.728123450652e-03,1.113464981318e-01,408.047074
time_step,73,0.73000000,0.60000000,0.40000000,1120,1245,2.695842878893e-03,1.035233065486e-01,412.760185
time_step,74,0.74000000,0.60000000,0.40000000,1057,1175,2.631842624396e-03,1.069215536118e-01,414.694825
time_step,75,0.75000000,0.60000000,0.40000000,934,1050,2.701945370063e-03,1.140616610646e-01,419.301516
time_step,76,0.76000000,0.60000000,0.40000000,1057,1176,2.553846221417e-03,1.068656444550e-01,422.978399
time_step,77,0.77000000,0.60000000,0.40000000,1108,1230,2.600690582767e-03,1.035009101033e-01,427.643520
time_step,78,0.78000000,0.60000000,0.40000000,970,1089,2.606851281598e-03,1.119958758354e-01,432.172961
time_step,79,0.79000000,0.60000000,0.40000000,1084,1205,2.589318901300e-03,1.055201739073e-01,436.674953
time_step,80,0.80000000,0.60000000,0.40000000,1252,1387,2.568765543401e-03,9.780508279800e-02,441.090670
time_step,81,0.81000000,0.60000000,0.40000000,1018,1137,2.488219644874e-03,1.081993505359e-01,445.758884
time_step,82,0.82000000,0.60000000,0.40000000,1012,1132,2.311312360689e-03,1.088974177837e-01,450.512840
time_step,83,0.83000000,0.60000000,0.40000000,1036,1154,2.214435022324e-03,1.080031096935e-01,455.165681
time_step,84,0.84000000,0.60000000,0.40000000,1066,1187,2.344587584957e-03,1.072301641107e-01,459.158124
time_step,85,0.85000000,0.60000000,0.40000000,976,1097,2.220039954409e-03,1.122769936919e-01,464.607687
time_step,86,0.86000000,0.60000000,0.40000000,949,1067,2.210504608229e-03,1.136684939265e-01,469.637738
time_step,87,0.87000000,0.60000000,0.40000000,1063,1192,2.044146647677e-03,1.063315868378e-01,486.972062
time_step,88,0.88000000,0.60000000,0.40000000,1063,1192,1.872951048426e-03,1.063435897231e-01,502.566265
time_step,89,0.89000000,0.60000000,0.40000000,949,1065,1.774571835995e-03,1.133784353733e-01,513.102514
time_step,90,0.90000000,0.60000000,0.40000000,985,1106,1.446594949812e-03,1.110289692879e-01,523.505979
time_step,91,0.91000000,0.60000000,0.40000000,1060,1182,1.417122199200e-03,1.068924590945e-01,534.569918
time_step,92,0.92000000,0.60000000,0.40000000,1033,1152,1.341812894680e-03,1.077876091003e-01,545.134666
time_step,93,0.93000000,0.60000000,0.40000000,1009,1131,1.383451046422e-03,1.088637411594e-01,557.414595
time_step,94,0.94000000,0.60000000,0.40000000,1021,1138,1.299253897741e-03,1.069382131100e-01,571.258969
time_step,95,0.95000000,0.60000000,0.40000000,1315,1450,1.255499315448e-03,9.374681115150e-02,592.755916
time_step,96,0.96000000,0.60000000,0.40000000,1027,1146,1.259381417185e-03,1.079519689083e-01,604.600194
time_step,97,0.97000000,0.60000000,0.40000000,949,1066,1.230391557328e-03,1.115084290504e-01,615.391366
time_step,98,0.98000000,0.60000000,0.40000000,1102,1225,1.307526952587e-03,1.025933772326e-01,627.049287
time_step,99,0.99000000,0.60000000,0.40000000,1054,1172,1.366719021462e-03,1.059278175235e-01,642.995243
time_step,100,1.00000000,0.60000000,0.40000000,922,1038,1.362600480206e-03,1.135827377439e-01,654.689983
