index,time,classical_active_cells,classical_degrees_of_freedom,classical_l2_error,classical_h1_seminorm,classical_elapsed_seconds,nn-once-per-time_active_cells,nn-once-per-time_degrees_of_freedom,nn-once-per-time_l2_error,nn-once-per-time_h1_seminorm,nn-once-per-time_elapsed_seconds,nn-every-crossing_active_cells,nn-every-crossing_degrees_of_freedom,nn-every-crossing_l2_error,nn-every-crossing_h1_seminorm,nn-every-crossing_elapsed_seconds
1,0.01,13198,13684,5.115001695231e-04,3.605515509844e-02,0.356753,1144,1274,3.240758087486e-03,1.094843298197e-01,84.740215,1141,1265,5.847466178238e-03,1.334348022938e-01,28.533794
2,0.02,13198,13684,5.910119507462e-04,4.813982546329e-02,0.480363,1195,1325,2.324324799702e-03,1.016210392118e-01,84.969702,1207,1336,4.039482213557e-03,1.230887174606e-01,33.775034
3,0.03,13198,13684,6.731874309480e-04,7.410581409931e-02,0.609930,1018,1140,2.344821579754e-03,1.109581515193e-01,85.409956,1015,1137,4.262974485755e-03,1.322185546160e-01,38.330892
4,0.04,13198,13684,8.779793279245e-04,1.203974932432e-01,0.731549,1156,1278,2.801543800160e-03,1.059639677405e-01,85.805697,1135,1255,5.592864006758e-03,1.288066059351e-01,43.364437
5,0.05,13198,13684,1.291812746786e-03,1.858402788639e-01,0.844643,1345,1484,3.169989446178e-03,9.759964048862e-02,86.164419,1213,1344,6.410229951143e-03,1.253732442856e-01,47.907644
6,0.06,4501,4781,8.965991437435e-04,1.430877447128e-01,0.987355,1150,1282,2.741671865806e-03,1.052163839340e-01,86.402426,1129,1252,7.408579345793e-03,1.291122585535e-01,52.181159
7,0.07,4501,4781,1.341115566902e-03,2.078720331192e-01,1.036945,1081,1205,2.668181434274e-03,1.076391562819e-01,86.705321,1033,1154,6.179362069815e-03,1.300861090422e-01,56.590383
8,0.08,4501,4781,2.009690040722e-03,2.890819013119e-01,1.075038,1075,1190,2.910501556471e-03,1.086160019040e-01,86.976413,1060,1178,5.420740228146e-03,1.282371878624e-01,61.556979
9,0.09,4501,4781,2.636242192239e-03,3.579722344875e-01,1.110956,1129,1251,2.881512045860e-03,1.061168089509e-01,87.444297,1069,1189,4.488710779697e-03,1.278219968081e-01,67.297337
10,0.1,4501,4781,4.086186178029e-03,4.502364695072e-01,1.146062,994,1115,1.604127581231e-03,1.114167794585e-01,87.851288,1009,1131,4.453482571989e-03,1.322609335184e-01,71.753551
11,0.11,1450,1607,2.556164283305e-03,3.434723615646e-01,1.184502,1048,1171,1.508541521616e-03,1.078228652477e-01,88.190040,1036,1159,4.562311340123e-03,1.307148039341e-01,76.527416
12,0.12,1450,1607,3.895195201039e-03,4.311726689339e-01,1.197656,1120,1247,1.792206894606e-03,1.039115265012e-01,88.519948,1186,1320,5.884442478418e-03,1.267417520285e-01,81.799683
13,0.13,1450,1607,6.036711856723e-03,5.636414885521e-01,1.210259,1123,1249,1.890440820716e-03,1.044909283519e-01,88.855350,1105,1232,5.451075267047e-03,1.278187930584e-01,86.610331
14,0.14,1450,1607,7.226768881083e-03,6.354183554649e-01,1.222599,1042,1166,1.941563328728e-03,1.100135296583e-01,89.252037,961,1077,4.011284094304e-03,1.325830370188e-01,90.897592
15,0.15,1450,1607,1.214267592877e-02,7.752486467361e-01,1.234938,1018,1143,2.177005168051e-03,1.120221167803e-01,89.701824,991,1116,4.915417172015e-03,1.328141838312e-01,96.602273
16,0.16,571,663,7.595924194902e-03,6.398693323135e-01,1.251618,1132,1253,2.890289528295e-03,1.061064228415e-01,90.059538,1111,1234,4.634281620383e-03,1.266787201166e-01,103.424626
17,0.17,571,663,9.492630138993e-03,7.518663406372e-01,1.257064,1081,1198,3.184340195730e-03,1.093722879887e-01,90.278223,1051,1165,6.189181469381e-03,1.299437135458e-01,109.298033
18,0.18,571,663,1.280906051397e-02,8.929374814034e-01,1.262551,1072,1198,2.954222029075e-03,1.094080656767e-01,90.725511,1036,1158,6.734820082784e-03,1.312326639891e-01,114.072628
19,0.19,571,663,1.928403414786e-02,1.159313321114e+00,1.268633,1150,1282,2.735694870353e-03,1.051510497928e-01,90.968759,1135,1269,6.638054735959e-03,1.288328617811e-01,119.661108
20,0.2,571,663,2.315635047853e-02,1.327845692635e+00,1.275566,1381,1525,2.307821065187e-03,9.582125395536e-02,91.279429,1360,1498,6.512138061225e-03,1.214997023344e-01,124.473934
21,0.21,286,348,6.267283577472e-03,5.985822677612e-01,1.287024,1117,1241,2.170963445678e-03,1.057494282722e-01,91.664346,1111,1231,6.219621747732e-03,1.287115663290e-01,128.797864
22,0.22,286,348,6.622041575611e-03,6.293439269066e-01,1.291226,1018,1142,2.235789550468e-03,1.112241372466e-01,91.935471,1003,1122,7.447194773704e-03,1.344168335199e-01,133.197272
23,0.23,286,348,8.958982303739e-03,7.208055257797e-01,1.296182,1195,1325,2.144171390682e-03,1.022744551301e-01,92.230098,1114,1239,5.182971246541e-03,1.252726316452e-01,138.460563
24,0.24,286,348,1.042451895773e-02,7.920559048653e-01,1.299740,1150,1276,2.284345915541e-03,1.046513319016e-01,92.683314,1066,1184,4.076397046447e-03,1.266255825758e-01,142.887460
25,0.25,286,348,1.141661126167e-02,8.093362450600e-01,1.305164,982,1093,2.077445387840e-03,1.116859316826e-01,93.113185,967,1080,5.354079417884e-03,1.334712207317e-01,147.458055
26,0.26,181,230,8.241554722190e-03,6.832625865936e-01,1.315833,1072,1193,1.892199623398e-03,1.066419482231e-01,93.320042,1054,1173,5.090316291898e-03,1.290516108274e-01,152.168626
27,0.27,181,230,9.115527383983e-03,7.263295054436e-01,1.319128,1168,1298,2.166720107198e-03,1.022337898612e-01,93.661520,1120,1250,5.415387917310e-03,1.263411641121e-01,156.673418
28,0.28,181,230,8.649631403387e-03,7.131689786911e-01,1.323075,1018,1141,3.260229947045e-03,1.122644916177e-01,93.951000,1003,1129,5.022979341447e-03,1.335251927376e-01,163.486491
29,0.29,181,230,1.233678683639e-02,8.496106266975e-01,1.326634,1129,1249,4.323843866587e-03,1.083923801780e-01,94.361110,1108,1230,3.957824781537e-03,1.256295442581e-01,168.869475
30,0.3,181,230,1.881773397326e-02,1.076554179192e+00,1.330340,1261,1398,4.231241531670e-03,1.022628173232e-01,94.835067,1198,1328,5.031293258071e-03,1.228938400745e-01,177.201115
31,0.31,160,200,6.626687943935e-03,5.529502034187e-01,1.342040,1147,1278,3.261829493567e-03,1.051885038614e-01,95.227435,1135,1261,9.155907668173e-03,1.299777925014e-01,184.068391
32,0.32,160,200,7.717122323811e-03,6.492888927460e-01,1.344921,1060,1182,2.716721035540e-03,1.084747612476e-01,95.577194,1066,1186,9.878979995847e-03,1.328916549683e-01,189.501142
33,0.33,160,200,1.184857822955e-02,8.531699776649e-01,1.347801,1096,1210,3.034910652786e-03,1.078793779016e-01,95.933003,1063,1182,9.696938097477e-03,1.330304294825e-01,195.070342
34,0.34,160,200,1.443691179156e-02,9.666703939438e-01,1.350666,1162,1287,3.337276168168e-03,1.084983274341e-01,96.544011,1108,1230,1.076443493366e-02,1.332931518555e-01,208.519091
35,0.35,160,200,1.260242704302e-02,8.450523614883e-01,1.352911,1090,1215,3.049431834370e-03,1.103109642863e-01,96.845868,994,1115,5.775006022304e-03,1.328106969595e-01,218.552212
36,0.36,109,141,8.437053300440e-03,6.876960396767e-01,1.364358,1114,1234,3.037971444428e-03,1.084708496928e-01,97.241224,982,1104,6.058522500098e-03,1.360984146595e-01,225.202606
37,0.37,109,141,1.157478615642e-02,8.255249261856e-01,1.366421,1207,1342,2.635906916112e-03,1.023116260767e-01,97.456227,1147,1275,5.157567560673e-03,1.237499564886e-01,230.698704
38,0.38,109,141,1.484697591513e-02,9.920543432236e-01,1.368673,1210,1343,2.894821576774e-03,1.023034676909e-01,97.945568,1108,1235,4.903254099190e-03,1.276435554028e-01,237.379849
39,0.39,109,141,1.404363475740e-02,9.277580976486e-01,1.371293,1063,1189,3.292203182355e-03,1.112645491958e-01,100.234935,964,1080,4.942227620631e-03,1.340782493353e-01,243.858320
40,0.4,109,141,1.600169576705e-02,9.172096252441e-01,1.374512,1090,1216,4.431808833033e-03,1.192306578159e-01,100.622867,976,1100,4.520531278104e-03,1.316257566214e-01,248.744630
41,0.41,103,134,9.206420741975e-03,7.131024599075e-01,1.383143,1162,1285,3.305603051558e-03,1.063934490085e-01,101.002793,1096,1219,5.403227172792e-03,1.266136914492e-01,254.826868
42,0.42,103,134,1.095817703754e-02,8.059375882149e-01,1.384973,1078,1195,2.712165005505e-03,1.080590337515e-01,101.387899,1048,1163,8.961130864918e-03,1.337166875601e-01,260.972343
43,0.43,103,134,1.479490101337e-02,9.655918478966e-01,1.387280,1060,1186,2.417561598122e-03,1.083543971181e-01,101.751779,1030,1152,7.941862568259e-03,1.326211243868e-01,265.659503
44,0.44,103,134,2.124148793519e-02,1.231699705124e+00,1.390197,1147,1278,2.237706910819e-03,1.037182062864e-01,102.138704,1126,1259,9.069574065506e-03,1.301209777594e-01,271.684052
45,0.45,103,134,2.450609579682e-02,1.374477148056e+00,1.392462,1369,1508,2.037054626271e-03,9.375121444464e-02,102.442934,1324,1461,8.870305493474e-03,1.228401958942e-01,276.764870
46,0.46,115,147,7.768176030368e-03,6.568784713745e-01,1.402414,1114,1238,2.206816803664e-03,1.055768281221e-01,102.679295,1078,1195,5.208911839873e-03,1.275727003813e-01,282.024126
47,0.47,115,147,6.857679225504e-03,6.362500190735e-01,1.404809,1006,1128,1.863725134172e-03,1.102168411016e-01,103.079531,988,1105,4.424661863595e-03,1.313141286373e-01,288.057627
48,0.48,115,147,8.986884728074e-03,7.211030721664e-01,1.406581,1189,1320,1.850847387686e-03,1.010271906853e-01,103.424412,1099,1226,4.147075116634e-03,1.248117089272e-01,292.795213
49,0.49,115,147,1.043441984802e-02,7.920770049095e-01,1.408565,1081,1199,1.791506423615e-03,1.058735325933e-01,103.652584,1054,1171,4.562914837152e-03,1.273743659258e-01,298.623091
50,0.5,115,147,1.141965948045e-02,8.093442916870e-01,1.410685,982,1093,1.886307494715e-03,1.114784777164e-01,104.124612,946,1059,4.583200905472e-03,1.322593837976e-01,303.369481
51,0.51,121,156,8.256325498223e-03,6.832708120346e-01,1.421019,1072,1193,1.967523014173e-03,1.071570292115e-01,104.525163,1048,1166,4.603513050824e-03,1.276030242443e-01,308.470004
52,0.52,121,156,9.126151911914e-03,7.263310551643e-01,1.422904,1135,1260,1.856432063505e-03,1.033578142524e-01,104.945289,1102,1225,4.344413988292e-03,1.247263550758e-01,312.588991
53,0.53,121,156,8.658258244395e-03,7.131696939468e-01,1.425581,1003,1125,2.056597964838e-03,1.111080944538e-01,105.367587,985,1109,4.446072038263e-03,1.313527822495e-01,317.992174
54,0.54,121,156,1.234163250774e-02,8.496099114418e-01,1.428383,1111,1235,2.251645084471e-03,1.056295558810e-01,105.772457,1039,1161,4.027839750051e-03,1.279999315739e-01,323.699187
55,0.55,121,156,1.882142573595e-02,1.076553463936e+00,1.430455,1306,1444,2.277883701026e-03,9.713233262300e-02,106.207458,1165,1288,4.322770982981e-03,1.220326051116e-01,327.751753
56,0.56,142,178,6.634087767452e-03,5.529512166977e-01,1.447975,1051,1177,2.315171062946e-03,1.082821413875e-01,106.492762,1048,1171,5.569782108068e-03,1.287188977003e-01,332.809264
57,0.57,142,178,7.721459958702e-03,6.492894887924e-01,1.450322,1042,1164,2.013551536947e-03,1.080218404531e-01,106.790564,1051,1173,5.558064207435e-03,1.282280534506e-01,337.342590
58,0.58,142,178,1.185052748770e-02,8.531706333160e-01,1.452353,1051,1171,2.173346001655e-03,1.083341836929e-01,107.194268,1060,1178,6.333244964480e-03,1.284581720829e-01,342.581653
59,0.59,142,178,1.443799398839e-02,9.666709303856e-01,1.454931,1072,1194,2.401181031018e-03,1.080814227462e-01,107.569310,1063,1183,5.466412752867e-03,1.282543838024e-01,346.707627
60,0.6,142,178,1.260287873447e-02,8.450524806976e-01,1.457806,991,1113,2.235636347905e-03,1.123686432838e-01,107.909398,985,1105,4.123388789594e-03,1.313236504793e-01,351.974734
61,0.61,109,141,8.438808843493e-03,6.876961588860e-01,1.467296,961,1080,2.034562174231e-03,1.134682893753e-01,108.235968,976,1096,3.789651673287e-03,1.317840367556e-01,356.913526
62,0.62,109,141,1.157601084560e-02,8.255249261856e-01,1.470283,1105,1231,2.017644001171e-03,1.045050248504e-01,108.505989,1066,1190,3.801787272096e-03,1.263122260571e-01,361.458841
63,0.63,109,141,1.484772656113e-02,9.920544028282e-01,1.473831,1108,1235,2.331168856472e-03,1.048905551434e-01,108.888126,1090,1217,3.929250407964e-03,1.257794499397e-01,366.308892
64,0.64,109,141,1.404380332679e-02,9.277579784393e-01,1.475913,1039,1161,2.580880420282e-03,1.094670668244e-01,109.318807,991,1115,3.940984606743e-03,1.306864321232e-01,371.941956
65,0.65,109,141,1.600141823292e-02,9.172093272209e-01,1.477810,1003,1126,2.406109357253e-03,1.118215098977e-01,109.742970,955,1078,3.816918702796e-03,1.323374360800e-01,375.847120
66,0.66,103,134,9.206414222717e-03,7.131022810936e-01,1.491642,1114,1234,2.195198088884e-03,1.050663590431e-01,110.294738,1051,1175,3.833162132651e-03,1.278373748064e-01,380.248744
67,0.67,103,134,1.095819193870e-02,8.059375286102e-01,1.494173,1066,1184,2.381450962275e-03,1.083832755685e-01,111.621732,1036,1151,4.817091394216e-03,1.288182139397e-01,386.116684
68,0.68,103,134,1.479490008205e-02,9.655918478966e-01,1.496339,1057,1183,3.032462438568e-03,1.103256195784e-01,111.986491,1018,1139,5.068805068731e-03,1.297326683998e-01,393.640882
69,0.69,103,134,2.124154567719e-02,1.231699705124e+00,1.498729,1147,1278,3.555505769327e-03,1.074478924274e-01,112.385153,1102,1229,6.173251196742e-03,1.274527311325e-01,398.456009
70,0.7,103,134,2.450620941818e-02,1.374477148056e+00,1.501153,1378,1521,3.772933501750e-03,9.961243718863e-02,112.750000,1312,1449,5.902619101107e-03,1.195778697729e-01,403.710969
71,0.71,115,147,7.768592797220e-03,6.568785309792e-01,1.513054,1117,1241,3.741797292605e-03,1.081351712346e-01,113.209395,1084,1202,4.038890358061e-03,1.258565783501e-01,409.996630
72,0.72,115,147,6.858025211841e-03,6.362500786781e-01,1.515154,1018,1142,3.370970487595e-03,1.135095059872e-01,113.501315,982,1099,5.398795008659e-03,1.322848498821e-01,415.168744
73,0.73,115,147,8.987095206976e-03,7.211030721664e-01,1.516943,1207,1335,3.833155613393e-03,1.055610775948e-01,113.935528,1099,1226,4.073572345078e-03,1.243493258953e-01,420.619721
74,0.74,115,147,1.043455023319e-02,7.920770645142e-01,1.519037,1186,1318,3.840660443529e-03,1.076792925596e-01,114.355166,1054,1171,3.805437823758e-03,1.265577077866e-01,426.543820
75,0.75,115,147,1.141972839832e-02,8.093443512917e-01,1.522115,1000,1114,3.391136182472e-03,1.140677928925e-01,114.769031,922,1034,3.931730519980e-03,1.329574733973e-01,431.040023
76,0.76,121,156,8.256454952061e-03,6.832708716393e-01,1.533038,1135,1262,3.158865496516e-03,1.071454584599e-01,115.220872,1039,1156,3.944016527385e-03,1.274740844965e-01,437.198371
77,0.77,121,156,9.126251563430e-03,7.263310551643e-01,1.535265,1207,1342,3.439721418545e-03,1.050567552447e-01,115.576299,1102,1225,4.074225667864e-03,1.242920085788e-01,443.023876
78,0.78,121,156,8.658340200782e-03,7.131697535515e-01,1.537956,1018,1141,3.221744671464e-03,1.120052710176e-01,115.956603,964,1086,5.831271409988e-03,1.332890093327e-01,452.483973
79,0.79,121,156,1.234167814255e-02,8.496099114418e-01,1.541299,1159,1282,3.077074186876e-03,1.059893518686e-01,116.400542,1039,1161,5.147865973413e-03,1.289089024067e-01,457.688299
80,0.8,121,156,1.882146112621e-02,1.076553463936e+00,1.544060,1354,1493,3.204321954399e-03,9.821654111147e-02,116.825965,1165,1288,3.629077458754e-03,1.212732568383e-01,462.531586
81,0.81,142,178,6.634164135903e-03,5.529511570930e-01,1.554587,1153,1286,3.099811961874e-03,1.068189963698e-01,117.215789,1048,1171,4.506635013968e-03,1.276246011257e-01,467.474489
82,0.82,142,178,7.721506990492e-03,6.492895483971e-01,1.559733,1072,1192,3.159084357321e-03,1.097646057606e-01,117.583356,1096,1215,5.162378307432e-03,1.256589442492e-01,471.938485
83,0.83,142,178,1.185055077076e-02,8.531706333160e-01,1.562961,1102,1216,3.261305624619e-03,1.088194325566e-01,117.922784,1060,1178,6.716393865645e-03,1.291483491659e-01,477.274386
84,0.84,142,178,1.443800702691e-02,9.666709303856e-01,1.565983,1162,1285,3.289771731943e-03,1.063516438007e-01,118.210325,1063,1183,4.815470427275e-03,1.276475191116e-01,482.607026
85,0.85,142,178,1.260288339108e-02,8.450525999069e-01,1.568364,1051,1176,2.939836587757e-03,1.104647070169e-01,118.505140,985,1105,3.891852218658e-03,1.310119479895e-01,487.364506
86,0.86,109,141,8.438827469945e-03,6.876961588860e-01,1.578061,1054,1175,3.079151036218e-03,1.090913116932e-01,118.895710,973,1093,3.972452599555e-03,1.321480125189e-01,493.903815
87,0.87,109,141,1.157602388412e-02,8.255249261856e-01,1.580442,1159,1291,3.090766025707e-03,1.036151945591e-01,119.126841,1129,1256,3.848300315440e-03,1.232654601336e-01,498.566399
88,0.88,109,141,1.484773494303e-02,9.920544028282e-01,1.582947,1171,1302,2.720962045714e-03,1.032229885459e-01,119.437388,1078,1205,4.029632080346e-03,1.261396855116e-01,503.280044
89,0.89,109,141,1.404380518943e-02,9.277579784393e-01,1.584930,1027,1151,2.385349245742e-03,1.107830107212e-01,119.809815,946,1060,4.192601423711e-03,1.327404826880e-01,508.216401
90,0.9,109,141,1.600141450763e-02,9.172093272209e-01,1.586879,1012,1136,2.399705350399e-03,1.118779778481e-01,119.998815,955,1078,4.188888240606e-03,1.325236409903e-01,511.934000
91,0.91,103,134,9.206414222717e-03,7.131022810936e-01,1.595932,1117,1238,2.602825174108e-03,1.049746498466e-01,120.306265,1051,1175,4.047437570989e-03,1.279930174351e-01,516.376258
92,0.92,103,134,1.095819193870e-02,8.059375882149e-01,1.598317,1063,1182,2.763073658571e-03,1.082030236721e-01,120.552951,1039,1152,5.368843208998e-03,1.289743036032e-01,520.653627
93,0.93,103,134,1.479490008205e-02,9.655918478966e-01,1.600786,1054,1179,2.655571559444e-03,1.087028756738e-01,120.937469,1039,1162,5.947001278400e-03,1.296384334564e-01,525.400605
94,0.94,103,134,2.124154753983e-02,1.231699824333e+00,1.602809,1060,1188,2.443076809868e-03,1.082241833210e-01,121.355532,1102,1227,6.651974283159e-03,1.275385022163e-01,529.727111
95,0.95,103,134,2.450621314347e-02,1.374477267265e+00,1.605723,1345,1484,2.258956898004e-03,9.449323266745e-02,121.763034,1171,1299,6.383238360286e-03,1.246419847012e-01,533.654400
96,0.96,115,147,7.768597453833e-03,6.568785309792e-01,1.615826,1063,1181,2.388668712229e-03,1.073832288384e-01,122.064429,1045,1163,4.081254824996e-03,1.276061832905e-01,538.272249
97,0.97,115,147,6.858028471470e-03,6.362500786781e-01,1.617725,1000,1122,1.991261495277e-03,1.098979562521e-01,122.422179,988,1106,4.947579931468e-03,1.313156187534e-01,543.759850
98,0.98,115,147,8.987098000944e-03,7.211030721664e-01,1.620615,1120,1245,1.766149071045e-03,1.027424037457e-01,122.789292,1105,1231,4.270773380995e-03,1.244139522314e-01,548.279538
99,0.99,115,147,1.043455116451e-02,7.920770049095e-01,1.623552,1069,1190,1.713778008707e-03,1.061411947012e-01,123.186034,1054,1171,4.046505317092e-03,1.267459690571e-01,552.948491
100,1.0,115,147,1.141972932965e-02,8.093443512917e-01,1.625504,973,1084,1.890165149234e-03,1.115035861731e-01,123.445392,946,1059,3.857797477394e-03,1.317005455494e-01,557.986576
